USE online_market;

INSERT INTO shops (id, shop_name, city, address, phone) VALUES
(1, 'i-market', 'mashhad', 'first Ave.', '22345589'),
(2, 'home-market', 'tehran', 'valiasr st.', '88765567'),
(3, 'music-market', 'Isfahan', 'chaharbagh', '66569987'),
(4, 'wood-market', 'tehran', 'vanak', '88679908'),
(5, 'women-market', 'tabriz', 'main Ave. second alley', '55458899');

INSERT INTO couriers (id, name, last_name, phone, credit, status, shop_id) VALUES
(1, 'Иван', 'Медведев', '89176654887', 0, 'свободен', 2),
(2, 'Антон', 'Соловьев', '89187766543', 0, 'свободен', 1),
(3, 'Евгений', 'Пушкин', '89143377898', 0, 'свободен', 5),
(4, 'Александр', 'Ворошилов', '89123344890', 0, 'свободен', 3),
(5, 'Дмитрий', 'Кротов', '89176655456', 0, 'свободен', 4),
(6, 'Денис', 'Рубцов', '89138877678', 0, 'свободен', 5);

INSERT INTO users VALUES 
(1,'04453e56c06c0c6b1768156fc6c06b430bd66031','bhilpert@example.org','Кристина','Голубева','f',89249449259,'1973-04-13',100000,'2021-03-28 00:40:35','2021-09-03 17:58:47'),
(2,'76daa1c5c8b66ebbdd0669c6baad713594829a9b','hhomenick@example.org','Андрей','Суровцев','m',89525374687,'1984-04-01',100000,'2021-07-31 05:26:58','2021-09-14 04:34:17'),
(3,'dadffa3225446953c770b3fac1bcc09af19d11f5','dallas65@example.org','Марина','Воробьева','f',89121040252,'1997-04-20',100000,'2021-03-29 22:08:34','2021-09-22 20:28:45'),
(4,'8d0eb4960833cf67079d83a744ea24e829b20122','mossie11@example.org',' Анастасия','Зайцева','f',89821988061,'1985-11-08',100000,'2021-07-07 00:49:18','2021-09-24 21:53:06'),
(5,'0bfb8bb6c1c5796c2d10c30a9f4d3e27f656f8e9','calista21@example.org',' Вадим','Орлов','m',89472822619,'1972-12-12',100000,'2021-08-05 05:00:40','2021-08-26 18:27:58'),
(6,'bebd03be3a2cc2d525fd8b8b2cd8a9ad9edb25f1','schultz.mariah@example.net',' Юлия','Ветрова','f',89710087019,'1996-09-01',100000,'2020-12-16 19:18:23','2021-09-04 11:48:13'),
(7,'8b9aac60ca64a55fafeb0f7c1920ac643f39ba3b','willms.monty@example.com',' Владимир','Панин','m',89826102809,'1984-03-06',100000,'2021-06-26 21:24:15','2021-09-08 21:54:09'),
(8,'2384fae73142ac0111e7680fdeff07abab51bb88','fyundt@example.com',' Анастасия','Волкова','f',89310298493,'2010-11-13',100000,'2021-02-06 21:25:12','2021-08-25 17:28:17'),
(9,'9748c6915f566d3ed8d88009cc3ee783edfa96e2','zanderson@example.org',' Светлана','Сомова','f',89816127423,'1975-06-12',100000,'2021-03-16 09:29:27','2021-09-14 01:44:35'),
(10,'49009f72e971fc1f6cead0f7426e6e5cd7f366b4','mhahn@example.com','Иван','Брайт','m',89556463748,'1968-07-10',100000,'2021-02-21 16:01:41','2021-09-20 19:41:53');

INSERT INTO users_address (user_id, address, postal_code, created_at, updated_at) VALUES 
(1,'23719 Braulio Street Suite 899\nNorth Chelsiemouth, UT 34439',119164,'2021-09-01 14:02:35','2021-09-24 22:59:18'),
(2,'72361 Colby Circles\nFritschberg, VA 21630',108996,'2021-08-25 15:24:41','2021-09-02 23:38:15'),
(3,'54904 Luz Knolls Suite 647\nSouth Shanon, MT 14453',112189,'2021-09-14 01:36:56','2021-09-16 16:41:13'),
(4,'8322 Isac Fords Apt. 716\nSouth Barbara, GA 59256',116134,'2021-08-28 02:36:12','2021-09-06 14:28:33'),
(5,'596 Block Shoal\nLake Jacklynstad, TX 98126-7328',109408,'2021-09-08 03:06:44','2021-09-09 07:29:39'),
(6,'6758 Jerde Spurs\nRowantown, MD 13226',118314,'2021-09-06 21:19:14','2021-09-07 12:54:23'),
(7,'561 Rath Ridges Suite 577\nPort Randalmouth, AZ 98505',122613,'2021-09-17 14:19:39','2021-09-19 07:13:21'),
(8,'7965 Mckenzie Shoal\nRustychester, KS 45353',111297,'2021-09-16 07:20:13','2021-09-19 01:45:09'),
(9,'891 Stephan Path Apt. 233\nLake Concepcion, MI 48120-9468',118653,'2021-09-21 13:17:50','2021-09-22 13:55:54'),
(10,'25861 Dibbert Roads Suite 478\nVenaview, IN 94059',118629,'2021-09-16 18:40:13','2021-09-24 17:35:41');

INSERT INTO orders values
(1,1,1,'Наличные','2021-09-01 16:32:50','2021-09-01 18:33:21'),
(2,2,2,'Наличные','2021-09-23 05:50:42','2021-09-24 12:30:40'),
(3,3,3,'Наличные','2021-09-22 07:03:41','2021-09-24 05:11:52'),
(4,4,4,'Наличные','2021-09-14 17:11:03','2021-09-19 05:40:47'),
(5,5,6,'Наличные','2021-09-10 23:20:36','2021-09-24 21:38:18'),
(6,1,7,'Наличные','2021-09-13 14:44:12','2021-09-15 04:57:23'),
(7,2,10,'Наличные','2021-09-22 15:59:00','2021-09-23 10:38:12'),
(8,3,1,'Наличные','2021-09-05 00:16:09','2021-09-06 01:14:20'),
(9,4,2,'Наличные','2021-08-26 07:21:17','2021-09-04 19:28:37'),
(10,5,3,'Наличные','2021-09-01 07:38:29','2021-09-08 14:02:07');


INSERT INTO products (id, shop_id, product_name, price, product_amount, created_at, updated_at) VALUES 
(1,1,'Iphone Х',66861.00,20,'2021-08-31 15:18:04','2021-09-13 17:43:10'),
(2,2,'Микроволновая печь',5321.00,20,'2020-10-05 20:01:07','2021-09-09 01:34:49'),
(3,3,'Скрипка',18507.00,20,'2021-03-22 08:46:42','2021-09-07 23:32:36'),
(4,4,'Стол',5865.00,20,'2021-03-27 08:31:49','2021-09-22 00:12:42'),
(5,5,'Фен для волос',6056.00,20,'2021-05-05 17:46:02','2021-08-26 09:26:26'),
(6,1,'Ipad air pro',44522.00,20,'2020-12-10 01:19:31','2021-09-13 18:50:08'),
(7,2,'стиральная машина',25393.00,20,'2020-10-27 00:48:13','2021-09-01 10:40:34'),
(8,3,'барабан',32609.00,20,'2021-06-18 14:20:44','2021-09-13 07:08:04'),
(9,4,'стул',1669.00,20,'2020-12-27 13:04:07','2021-09-11 07:50:27'),
(10,5,'Шампунь',112.00,20,'2021-03-06 11:03:32','2021-09-22 12:39:25');

INSERT INTO schedule (shop_id, open_time, close_time) VALUES
(1, '07:00:00', '15:00:00'),
(2, '09:00:00', '22:00:00'),
(3, '12:00:00', '19:00:00'),
(4, '15:00:00', '23:00:00'),
(5, '09:00:00', '20:00:00');

INSERT INTO discounts values
(1,1,1,0,'2021-08-27 23:57:47','2021-11-25 21:57:53','2021-07-20 02:51:24','2021-09-24 13:30:19'),
(2,2,2,0,'2021-09-07 17:01:40','2021-11-12 11:30:02','2021-07-04 00:22:16','2021-09-15 18:54:05'),
(3,3,3,0,'2021-09-09 15:17:41','2021-11-28 00:14:57','2021-07-17 20:46:26','2021-09-19 18:35:06'),
(4,4,4,0,'2021-09-19 08:20:51','2021-11-13 14:19:26','2021-07-04 23:16:35','2021-09-15 11:01:19'),
(5,5,5,0,'2021-09-12 11:33:39','2021-10-31 04:12:11','2021-07-04 22:34:51','2021-09-06 02:53:52'),
(6,8,6,0,'2021-09-07 13:59:50','2021-09-24 05:52:49','2021-07-10 23:48:29','2021-09-24 10:27:48'),
(7,9,7,0,'2021-08-29 08:17:08','2021-09-05 08:43:36','2021-07-30 11:49:13','2021-09-10 11:47:48'),
(8,10,8,0,'2021-09-07 20:45:22','2021-10-07 05:46:27','2021-07-13 02:00:39','2021-09-22 02:40:33'),
(9,1,9,0,'2021-09-13 02:02:09','2021-10-12 14:46:28','2021-07-08 00:55:15','2021-09-18 21:37:54'),
(10,2,10,0,'2021-09-12 04:34:21','2021-09-25 09:45:19','2021-07-25 11:13:05','2021-09-17 12:21:39');

INSERT INTO managers VALUES 
(1,' Арсений','Егоров',1,'2021-04-07 01:18:57','2021-09-13 05:29:26'),
(2,' Наталья','Птицина',2,'2020-12-11 03:34:18','2021-09-04 08:47:05'),
(3,' Максим','Спенсер',3,'2021-08-30 04:29:14','2021-09-05 16:27:02'),
(4,' Иван','Иванов',4,'2021-09-16 05:04:47','2021-09-17 07:44:15'),
(5,'Юлия','Партизан',5,'2021-05-13 12:27:45','2021-09-08 10:11:32');


INSERT INTO order_products VALUES 
(1,1,4,'2021-08-31 17:20:02','2021-09-11 13:03:13'),
(2,2,4,'2021-09-08 15:34:34','2021-09-08 19:06:30'),
(3,3,13,'2021-08-30 11:10:55','2021-09-14 07:59:46'),
(4,4,13,'2021-09-03 07:20:04','2021-09-05 13:01:38'),
(5,5,2,'2021-08-17 18:37:22','2021-08-29 01:57:53'),
(6,6,15,'2021-09-08 16:41:02','2021-09-09 23:47:07'),
(7,7,1,'2021-08-29 08:00:18','2021-09-02 17:27:37'),
(8,8,9,'2021-08-20 12:11:24','2021-08-26 05:21:00'),
(9,9,13,'2021-09-09 16:06:45','2021-09-13 02:46:49'),
(10,10,8,'2021-09-08 10:03:31','2021-09-17 22:56:04');

